{
    "AnatomicalLandmarkCoordinates": {
        "LPA": [
            28.380641410600234,
            129.7120414684823,
            122.49357298834389
        ],
        "NAS": [
            112.68097941211582,
            205.99273213653703,
            169.54039365352008
        ],
        "RPA": [
            172.17218461849677,
            123.00447867189972,
            101.53489016394532
        ]
    }
}
