{
    "MEGCoordinateSystem": "ElektaNeuromag",
    "MEGCoordinateUnits": "m",
    "MEGCoordinateSystemDescription": "RAS orientation and the origin between the ears",
    "HeadCoilCoordinates": {
        "NAS": [
            9.313225746154785e-09,
            0.09901866316795349,
            1.4901161193847656e-08
        ],
        "LPA": [
            -0.07303452491760254,
            0.0,
            1.4901161193847656e-08
        ],
        "RPA": [
            0.07243160158395767,
            2.9802322387695312e-08,
            1.4901161193847656e-08
        ],
        "coil1": [
            -0.0762224942445755,
            -0.03205138444900513,
            -0.0032109690364450216
        ],
        "coil2": [
            -0.05978764593601227,
            0.06708201766014099,
            0.05664549022912979
        ],
        "coil3": [
            0.057255275547504425,
            0.06822150945663452,
            0.06773512065410614
        ],
        "coil4": [
            0.0733734592795372,
            -0.03775152564048767,
            -0.008533477783203125
        ]
    },
    "HeadCoilCoordinateSystem": "ElektaNeuromag",
    "HeadCoilCoordinateUnits": "m",
    "AnatomicalLandmarkCoordinates": {
        "NAS": [
            9.313225746154785e-09,
            0.09901866316795349,
            1.4901161193847656e-08
        ],
        "LPA": [
            -0.07303452491760254,
            0.0,
            1.4901161193847656e-08
        ],
        "RPA": [
            0.07243160158395767,
            2.9802322387695312e-08,
            1.4901161193847656e-08
        ],
        "coil1": [
            -0.0762224942445755,
            -0.03205138444900513,
            -0.0032109690364450216
        ],
        "coil2": [
            -0.05978764593601227,
            0.06708201766014099,
            0.05664549022912979
        ],
        "coil3": [
            0.057255275547504425,
            0.06822150945663452,
            0.06773512065410614
        ],
        "coil4": [
            0.0733734592795372,
            -0.03775152564048767,
            -0.008533477783203125
        ]
    },
    "AnatomicalLandmarkCoordinateSystem": "ElektaNeuromag",
    "AnatomicalLandmarkCoordinateUnits": "m"
}
