{
    "AnatomicalLandmarkCoordinates": {
        "LPA": [
            203.06119270055956,
            138.79473975799777,
            128.90027082243375
        ],
        "NAS": [
            121.42142354444115,
            97.18591471672525,
            211.01232850031698
        ],
        "RPA": [
            58.25368867019873,
            148.84242376838415,
            119.40192860165665
        ]
    }
}
